Supplier_ID,Supplier_Name,Contact
1,Quality Goods Inc.,contact@qualitygoods.com
2,Fresh Farm Produce,sales@freshfarm.com
3,Organic Harvest Co.,info@organicharvest.com
4,Gourmet Selections,support@gourmetselects.com
5,Bakers Delight Supplies,orders@bakersdelight.com
6,Prime Meat Suppliers,service@primemeat.com
7,Seafood Direct Ltd.,inquiries@seafooddirect.com
8,Whole Grain Providers,contact@wholegrainpro.com
9,Dairy Best,sales@dairybest.com
10,Sweet Treats Confectionery,support@sweettreats.com
11,Beverage Distributors Inc.,info@beverageinc.com
12,Frozen Delights LLC,orders@frozendelights.com
13,Catering Essentials,service@cateringessentials.com
14,Exotic Spices World,inquiries@exoticspices.com
15,Healthy Snacks Ltd.,contact@healthysnacks.com
16,Eco Produce,sales@ecoproduce.com
17,Farm Fresh Organics,support@farmfreshorganics.com
18,Urban Greens,info@urbangreens.com
19,Natura Foods,contact@naturafoods.com
20,Pure Harvest,sales@pureharvest.com
21,AgriBest Supplies,support@agribest.com
22,Fresh Picks,orders@freshpicks.com
23,Garden Essentials,service@gardenessentials.com
24,Healthy Choice Produce,inquiries@healthychoice.com
25,Green Valley Suppliers,contact@greenvalley.com
