Tourist_Id,Guide_Id,Sanctuary_Id,Tourist_Name,Phone_Number,Email
1,1,1,Emma Clark,1002003001,emma.clark@email.com
2,2,1,Liam Johnson,1002003002,liam.johnson@email.com
3,3,3,Olivia Brown,1002003003,olivia.brown@email.com
4,4,4,Noah Davis,1002003004,noah.davis@email.com
5,5,5,Ava Miller,1002003005,ava.miller@email.com
6,6,6,William Taylor,1002003006,william.taylor@email.com
7,7,7,Sophia Wilson,1002003007,sophia.wilson@email.com
8,8,8,James Anderson,1002003008,james.anderson@email.com
9,9,9,Isabella Thomas,1002003009,isabella.thomas@email.com
10,10,10,Benjamin Martin,1002003010,benjamin.martin@email.com
11,11,11,Mia Hernandez,1002003011,mia.hernandez@email.com
12,12,12,Lucas Moore,1002003012,lucas.moore@email.com
13,13,13,Amelia Jackson,1002003013,amelia.jackson@email.com
14,14,14,Mason Lee,1002003014,mason.lee@email.com
15,15,15,Harper Perez,1002003015,harper.perez@email.com
16,16,16,Ethan White,1002003016,ethan.white@email.com
17,17,17,Evelyn Harris,1002003017,evelyn.harris@email.com
18,18,18,Alexander Clark,1002003018,alexander.clark@email.com
19,19,19,Abigail Lewis,1002003019,abigail.lewis@email.com
20,20,20,Sebastian Walker,1002003020,sebastian.walker@email.com
21,21,21,Elizabeth Young,1002003021,elizabeth.young@email.com
22,22,22,Jack Hall,1002003022,jack.hall@email.com
23,23,23,Sofia Allen,1002003023,sofia.allen@email.com
24,24,24,Charlotte King,1002003024,charlotte.king@email.com
25,25,25,Owen Wright,1002003025,owen.wright@email.com
